Model,Test Loss,Test Acc
VGG11,0.2996513595132859,92.05271565495208
VGG13,0.3197240346697525,91.64337060702876
VGG16,0.242442916523436,93.42052715654953
VGG19,0.2996950857749487,93.58027156549521
